{
  "fashionnet_balanced_v1": {
    "ap_per_class": {
      "0": 0.1460843954279546,
      "1": 0.15525868513151636,
      "2": 0.3472042407301673,
      "3": 0.2546877038343347,
      "4": 0.2864630556376158,
      "5": 0.2475859000525476,
      "6": 0.16726671117367134,
      "7": 0.19338325886132474,
      "8": 0.18649197931787997,
      "9": 0.258157218625342,
      "10": 0.2721904868528912,
      "11": NaN,
      "12": NaN
    },
    "map50": 0.22861578505865865,
    "mean_ms": 3.13,
    "std_ms": 0.02,
    "fps": 319.4,
    "params": 11738960,
    "size_mb": 141.22
  },
  "fashionnet": {
    "ap_per_class": {
      "0": 0.004153034442216649,
      "1": 0.0003414134516782237,
      "2": 0.0,
      "3": 0.0,
      "4": 0.0,
      "5": 0.0,
      "6": 0.0019457660931237217,
      "7": 0.0,
      "8": 0.0,
      "9": 0.0,
      "10": 0.0,
      "11": NaN,
      "12": NaN
    },
    "map50": 0.0005854739988198722,
    "mean_ms": 3.21,
    "std_ms": 0.03,
    "fps": 311.1,
    "params": 11739862,
    "size_mb": 141.23
  }
}