{
  "fashionnet_balanced_v1": {
    "ap_per_class": {
      "0": 0.16055741346304667,
      "1": 0.18803196041598597,
      "2": 0.39528168018324267,
      "3": 0.3310884460653718,
      "4": 0.3204332084768264,
      "5": 0.2589906527351394,
      "6": 0.18587433581640972,
      "7": 0.2694490520734298,
      "8": 0.255908149669445,
      "9": 0.31544266335826276,
      "10": 0.35010888670453927,
      "11": NaN,
      "12": NaN
    },
    "map50": 0.2755605862692454,
    "mean_ms": 3.32,
    "std_ms": 0.07,
    "fps": 300.9,
    "params": 11738960,
    "size_mb": 141.22
  },
  "fashionnet": {
    "ap_per_class": {
      "0": 0.004153034442216649,
      "1": 0.0003414134516782237,
      "2": 0.0,
      "3": 0.0,
      "4": 0.0,
      "5": 0.0,
      "6": 0.0019457660931237217,
      "7": 0.0,
      "8": 0.0,
      "9": 0.0,
      "10": 0.0,
      "11": NaN,
      "12": NaN
    },
    "map50": 0.0005854739988198722,
    "mean_ms": 3.23,
    "std_ms": 0.02,
    "fps": 309.7,
    "params": 11739862,
    "size_mb": 141.23
  }
}