{
  "weights": {
    "ap_per_class": {
      "0": 0.02501477870324175,
      "1": 0.0021752175216527333,
      "2": 0.01980198017821782,
      "3": 0.0,
      "4": 0.009900990094059406,
      "5": 0.004950495048267327,
      "6": 0.03199458447627807,
      "7": 0.01766484340124263,
      "8": 0.004444017005448057,
      "9": 0.0,
      "10": 0.0,
      "11": 0.0,
      "12": 0.002828854313598707
    },
    "map50": 0.009136596980154347,
    "mean_ms": 3.19,
    "std_ms": 0.03,
    "fps": 313.4,
    "params": 11739862,
    "size_mb": 141.23
  },
  "yolov8l_fashion": {
    "ap_per_class": {
      "0": 0.8569600753821148,
      "1": 0.756237403573579,
      "2": 0.7837523940696725,
      "3": 0.7679261592579256,
      "4": 0.8566819670761603,
      "5": 0.8648734565544223,
      "6": 0.8646713487728183,
      "7": 0.9397408512786487,
      "8": 0.7932447959711849,
      "9": 0.5444703937807083,
      "10": 0.6384770631066636,
      "11": 0.7095988614982683,
      "12": 0.7244586683734717
    },
    "map50": 0.7770071875919722,
    "mean_ms": 10.94,
    "std_ms": 0.43,
    "fps": 91.4,
    "params": 43616631,
    "size_mb": 87.64
  }
}