{
  "fashionnet_balanced_v1": {
    "ap_per_class": {
      "0": 0.1460843954279546,
      "1": 0.15525868513151636,
      "2": 0.3472042407301673,
      "3": 0.2546877038343347,
      "4": 0.2864630556376158,
      "5": 0.2475859000525476,
      "6": 0.16726671117367134,
      "7": 0.19338325886132474,
      "8": 0.18649197931787997,
      "9": 0.258157218625342,
      "10": 0.2721904868528912,
      "11": NaN,
      "12": NaN
    },
    "map50": 0.22861578505865865,
    "mean_ms": 3.15,
    "std_ms": 0.03,
    "fps": 317.6,
    "params": 11738960,
    "size_mb": 141.22
  },
  "yolov8l_fashion": {
    "ap_per_class": {
      "0": 0.22990897586099185,
      "1": 0.330181306786408,
      "2": 0.22074532711404532,
      "3": 0.008421529347556054,
      "4": 0.0017945641810468455,
      "5": 0.001837202895372865,
      "6": 0.07895254148367965,
      "7": 0.004765273408450868,
      "8": 0.01360687677139812,
      "9": 0.06991644914838659,
      "10": 0.033989874437745364
    },
    "map50": 0.09037453831228015,
    "mean_ms": 10.1,
    "std_ms": 0.39,
    "fps": 99.0,
    "params": 43616631,
    "size_mb": 87.64
  }
}