{
  "fashionnet": {
    "ap_per_class": {
      "0": 0.0,
      "1": 0.0,
      "2": 0.0,
      "3": 0.0,
      "4": 0.0,
      "5": 0.0,
      "6": 0.003210038199409944,
      "7": 0.0,
      "8": 0.0,
      "9": 0.0,
      "10": 0.0,
      "11": 0.0,
      "12": 0.0
    },
    "map50": 0.0002469260153392265,
    "mean_ms": 43.94,
    "std_ms": 1.13,
    "fps": 22.8,
    "params": 11739862,
    "size_mb": 141.23
  },
  "yolov8n": {
    "ap_per_class": {
      "0": 0.8738381291175435,
      "1": 0.7610623028913945,
      "2": 0.7887140107272864,
      "3": 0.7636119436615115,
      "4": 0.8241922982094313,
      "5": 0.8367282876469587,
      "6": 0.86938612343826,
      "7": 0.9338311055734589,
      "8": 0.7973655157914816,
      "9": 0.6063702354200092,
      "10": 0.6459601526907532,
      "11": 0.6925717929961512,
      "12": 0.7932924492636412
    },
    "map50": 0.7836095651867601,
    "mean_ms": 10.05,
    "std_ms": 0.3,
    "fps": 99.5,
    "params": 43616631,
    "size_mb": 87.64
  }
}